#,Name,Type,Total,HP,Attack,Defense,Special Attack,Special Defense,Speed
ÿ001,Bulbasaur,GRASS,318,45,49,49,65,65,45
ÿ001,Bulbasaur,POISON,318,45,49,49,65,65,45
ÿ002,Ivysaur,GRASS,405,60,62,63,80,80,60
ÿ002,Ivysaur,POISON,405,60,62,63,80,80,60
ÿ003,Venusaur,GRASS,525,80,82,83,100,100,80
ÿ003,Venusaur,POISON,525,80,82,83,100,100,80
ÿ003.1,Mega Venusaur,GRASS,625,80,100,123,122,120,80
ÿ003.1,Mega Venusaur,POISON,625,80,100,123,122,120,80
ÿ004,Charmander,FIRE,309,39,52,43,60,50,65
ÿ005,Charmeleon,FIRE,405,58,64,58,80,65,80
ÿ006,Charizard,FIRE,534,78,84,78,109,85,100
ÿ006,Charizard,FLYING,534,78,84,78,109,85,100
ÿ006.1,Mega Charizard X,FIRE,634,78,130,111,130,85,100
ÿ006.1,Mega Charizard X,DRAGON,634,78,130,111,130,85,100
ÿ006.2,Mega Charizard Y,FIRE,634,78,104,78,159,115,100
ÿ006.2,Mega Charizard Y,FLYING,634,78,104,78,159,115,100
ÿ007,Squirtle,WATER,314,44,48,65,50,64,43
ÿ008,Wartortle,WATER,405,59,63,80,65,80,58
ÿ009,Blastoise,WATER,530,79,83,100,85,105,78
ÿ009.1,Mega Blastoise,WATER,630,79,103,120,135,115,78
ÿ009.1,Mega Blastoise,WATER,630,79,103,120,135,115,78
ÿ010,Caterpie,BUG,195,45,30,35,20,20,45
ÿ011,Metapod,BUG,205,50,20,55,25,25,30
ÿ012,Butterfree,BUG,385,60,45,50,80,80,70
ÿ012,Butterfree,FLYING,385,60,45,50,80,80,70
ÿ013,Weedle,BUG,195,40,35,30,20,20,50
ÿ013,Weedle,POISON,195,40,35,30,20,20,50
ÿ014,Kakuna,BUG,205,45,25,50,25,25,35
ÿ014,Kakuna,POISON,205,45,25,50,25,25,35
ÿ015,Beedrill,BUG,385,65,80,40,45,80,75
ÿ015,Beedrill,POISON,385,65,80,40,45,80,75
ÿ016,Pidgey,NORMAL,251,40,45,40,35,35,56
ÿ016,Pidgey,FLYING,251,40,45,40,35,35,56
ÿ017,Pidgeotto,NORMAL,349,63,60,55,50,50,71
ÿ017,Pidgeotto,FLYING,349,63,60,55,50,50,71
ÿ018,Pidgeot,NORMAL,469,83,80,75,70,70,91
ÿ018,Pidgeot,FLYING,469,83,80,75,70,70,91
ÿ019,Rattata,NORMAL,253,30,56,35,25,35,72
ÿ020,Raticate,NORMAL,413,55,81,60,50,70,97
ÿ021,Spearow,NORMAL,262,40,60,30,31,31,70
ÿ021,Spearow,FLYING,262,40,60,30,31,31,70
ÿ022,Fearow,NORMAL,442,65,90,65,61,61,100
ÿ022,Fearow,FLYING,442,65,90,65,61,61,100
ÿ023,Ekans,POISON,288,35,60,44,40,54,55
ÿ024,Arbok,POISON,438,60,85,69,65,79,80
ÿ025,Pikachu,ELECTRIC,300,35,55,30,50,40,90
ÿ026,Raichu,ELECTRIC,475,60,90,55,90,80,100
ÿ027,Sandshrew,GROUND,300,50,75,85,20,30,40
ÿ028,Sandslash,GROUND,450,75,100,110,45,55,65
ÿ029,Nidoran?,POISON,275,55,47,52,40,40,41
ÿ030,Nidorina,POISON,365,70,62,67,55,55,56
ÿ031,Nidoqueen,POISON,495,90,82,87,75,85,76
ÿ031,Nidoqueen,GROUND,495,90,82,87,75,85,76
ÿ032,Nidoran?,POISON,273,46,57,40,40,40,50
ÿ033,Nidorino,POISON,365,61,72,57,55,55,65
ÿ034,Nidoking,POISON,495,81,92,77,85,75,85
ÿ034,Nidoking,GROUND,495,81,92,77,85,75,85
ÿ035,Clefairy,FAIRY,323,70,45,48,60,65,35
ÿ036,Clefable,FAIRY,473,95,70,73,85,90,60
ÿ037,Vulpix,FIRE,299,38,41,40,50,65,65
ÿ038,Ninetales,FIRE,505,73,76,75,81,100,100
ÿ039,Jigglypuff,NORMAL,270,115,45,20,45,25,20
ÿ039,Jigglypuff,FAIRY,270,115,45,20,45,25,20
ÿ040,Wigglytuff,NORMAL,425,140,70,45,75,50,45
ÿ040,Wigglytuff,FAIRY,425,140,70,45,75,50,45
ÿ041,Zubat,POISON,245,40,45,35,30,40,55
ÿ041,Zubat,FLYING,245,40,45,35,30,40,55
ÿ042,Golbat,POISON,455,75,80,70,65,75,90
ÿ042,Golbat,FLYING,455,75,80,70,65,75,90
ÿ043,Oddish,GRASS,320,45,50,55,75,65,30
ÿ043,Oddish,POISON,320,45,50,55,75,65,30
ÿ044,Gloom,GRASS,395,60,65,70,85,75,40
ÿ044,Gloom,POISON,395,60,65,70,85,75,40
ÿ045,Vileplume,GRASS,480,75,80,85,100,90,50
ÿ045,Vileplume,POISON,480,75,80,85,100,90,50
ÿ046,Paras,BUG,285,35,70,55,45,55,25
ÿ046,Paras,GRASS,285,35,70,55,45,55,25
ÿ047,Parasect,BUG,405,60,95,80,60,80,30
ÿ047,Parasect,GRASS,405,60,95,80,60,80,30
ÿ048,Venonat,BUG,305,60,55,50,40,55,45
ÿ048,Venonat,POISON,305,60,55,50,40,55,45
ÿ049,Venomoth,BUG,450,70,65,60,90,75,90
ÿ049,Venomoth,POISON,450,70,65,60,90,75,90
ÿ050,Diglett,GROUND,265,10,55,25,35,45,95
ÿ051,Dugtrio,GROUND,405,35,80,50,50,70,120
ÿ052,Meowth,NORMAL,290,40,45,35,40,40,90
ÿ053,Persian,NORMAL,440,65,70,60,65,65,115
ÿ054,Psyduck,WATER,320,50,52,48,65,50,55
ÿ055,Golduck,WATER,500,80,82,78,95,80,85
ÿ056,Mankey,FIGHTING,305,40,80,35,35,45,70
ÿ057,Primeape,FIGHTING,455,65,105,60,60,70,95
ÿ058,Growlithe,FIRE,350,55,70,45,70,50,60
ÿ059,Arcanine,FIRE,555,90,110,80,100,80,95
ÿ060,Poliwag,WATER,300,40,50,40,40,40,90
ÿ061,Poliwhirl,WATER,385,65,65,65,50,50,90
ÿ062,Poliwrath,WATER,500,90,85,95,70,90,70
ÿ062,Poliwrath,FIGHTING,500,90,85,95,70,90,70
ÿ063,Abra,PSYCHIC,310,25,20,15,105,55,90
ÿ064,Kadabra,PSYCHIC,400,40,35,30,120,70,105
ÿ065,Alakazam,PSYCHIC,490,55,50,45,135,85,120
ÿ065.1,Mega Alakazam,PSYCHIC,590,55,50,65,175,95,150
ÿ066,Machop,FIGHTING,305,70,80,50,35,35,35
ÿ067,Machoke,FIGHTING,405,80,100,70,50,60,45
ÿ068,Machamp,FIGHTING,505,90,130,80,65,85,55
ÿ069,Bellsprout,GRASS,300,50,75,35,70,30,40
ÿ069,Bellsprout,POISON,300,50,75,35,70,30,40
ÿ070,Weepinbell,GRASS,390,65,90,50,85,45,55
ÿ070,Weepinbell,POISON,390,65,90,50,85,45,55
ÿ071,Victreebel,GRASS,480,80,105,65,100,60,70
ÿ071,Victreebel,POISON,480,80,105,65,100,60,70
ÿ072,Tentacool,WATER,335,40,40,35,50,100,70
ÿ072,Tentacool,POISON,335,40,40,35,50,100,70
ÿ073,Tentacruel,WATER,515,80,70,65,80,120,100
ÿ073,Tentacruel,POISON,515,80,70,65,80,120,100
ÿ074,Geodude,ROCK,300,40,80,100,30,30,20
ÿ074,Geodude,GROUND,300,40,80,100,30,30,20
ÿ075,Graveler,ROCK,390,55,95,115,45,45,35
ÿ075,Graveler,GROUND,390,55,95,115,45,45,35
ÿ076,Golem,ROCK,485,80,110,130,55,65,45
ÿ076,Golem,GROUND,485,80,110,130,55,65,45
ÿ077,Ponyta,FIRE,410,50,85,55,65,65,90
ÿ078,Rapidash,FIRE,500,65,100,70,80,80,105
ÿ079,Slowpoke,WATER,315,90,65,65,40,40,15
ÿ079,Slowpoke,PSYCHIC,315,90,65,65,40,40,15
ÿ080,Slowbro,WATER,490,95,75,110,100,80,30
ÿ080,Slowbro,PSYCHIC,490,95,75,110,100,80,30
ÿ081,Magnemite,ELECTRIC,325,25,35,70,95,55,45
ÿ081,Magnemite,STEEL,325,25,35,70,95,55,45
ÿ082,Magneton,ELECTRIC,465,50,60,95,120,70,70
ÿ082,Magneton,STEEL,465,50,60,95,120,70,70
ÿ083,Farfetch'd,NORMAL,352,52,65,55,58,62,60
ÿ083,Farfetch'd,FLYING,352,52,65,55,58,62,60
ÿ084,Doduo,NORMAL,310,35,85,45,35,35,75
ÿ084,Doduo,FLYING,310,35,85,45,35,35,75
ÿ085,Dodrio,NORMAL,460,60,110,70,60,60,100
ÿ085,Dodrio,FLYING,460,60,110,70,60,60,100
ÿ086,Seel,WATER,325,65,45,55,45,70,45
ÿ087,Dewgong,WATER,475,90,70,80,70,95,70
ÿ087,Dewgong,ICE,475,90,70,80,70,95,70
ÿ088,Grimer,POISON,325,80,80,50,40,50,25
ÿ089,Muk,POISON,500,105,105,75,65,100,50
ÿ090,Shellder,WATER,305,30,65,100,45,25,40
ÿ091,Cloyster,WATER,525,50,95,180,85,45,70
ÿ091,Cloyster,ICE,525,50,95,180,85,45,70
ÿ092,Gastly,GHOST,310,30,35,30,100,35,80
ÿ092,Gastly,POISON,310,30,35,30,100,35,80
ÿ093,Haunter,GHOST,405,45,50,45,115,55,95
ÿ093,Haunter,POISON,405,45,50,45,115,55,95
ÿ094,Gengar,GHOST,500,60,65,60,130,75,110
ÿ094,Gengar,POISON,500,60,65,60,130,75,110
ÿ094.1,Mega Gengar,GHOST,600,60,65,80,170,95,130
ÿ094.1,Mega Gengar,POISON,600,60,65,80,170,95,130
ÿ095,Onix,ROCK,385,35,45,160,30,45,70
ÿ095,Onix,GROUND,385,35,45,160,30,45,70
ÿ096,Drowzee,PSYCHIC,328,60,48,45,43,90,42
ÿ097,Hypno,PSYCHIC,483,85,73,70,73,115,67
ÿ098,Krabby,WATER,325,30,105,90,25,25,50
ÿ099,Kingler,WATER,475,55,130,115,50,50,75
ÿ100,Voltorb,ELECTRIC,330,40,30,50,55,55,100
ÿ101,Electrode,ELECTRIC,480,60,50,70,80,80,140
ÿ102,Exeggcute,GRASS,325,60,40,80,60,45,40
ÿ102,Exeggcute,PSYCHIC,325,60,40,80,60,45,40
ÿ103,Exeggutor,GRASS,520,95,95,85,125,65,55
ÿ103,Exeggutor,PSYCHIC,520,95,95,85,125,65,55
ÿ104,Cubone,GROUND,320,50,50,95,40,50,35
ÿ105,Marowak,GROUND,425,60,80,110,50,80,45
ÿ106,Hitmonlee,FIGHTING,455,50,120,53,35,110,87
ÿ107,Hitmonchan,FIGHTING,455,50,105,79,35,110,76
ÿ108,Lickitung,NORMAL,385,90,55,75,60,75,30
ÿ109,Koffing,POISON,340,40,65,95,60,45,35
ÿ110,Weezing,POISON,490,65,90,120,85,70,60
ÿ111,Rhyhorn,GROUND,345,80,85,95,30,30,25
ÿ111,Rhyhorn,ROCK,345,80,85,95,30,30,25
ÿ112,Rhydon,GROUND,485,105,130,120,45,45,40
ÿ112,Rhydon,ROCK,485,105,130,120,45,45,40
ÿ113,Chansey,NORMAL,450,250,5,5,35,105,50
ÿ114,Tangela,GRASS,435,65,55,115,100,40,60
ÿ115,Kangaskhan,NORMAL,490,105,95,80,40,80,90
ÿ115.1,Mega Kangaskhan,NORMAL,590,105,125,100,60,100,100
ÿ115.1,Mega Kangaskhan,NORMAL,590,105,125,100,60,100,100
ÿ116,Horsea,WATER,295,30,40,70,70,25,60
ÿ117,Seadra,WATER,440,55,65,95,95,45,85
ÿ118,Goldeen,WATER,320,45,67,60,35,50,63
ÿ119,Seaking,WATER,450,80,92,65,65,80,68
ÿ120,Staryu,WATER,340,30,45,55,70,55,85
ÿ121,Starmie,WATER,520,60,75,85,100,85,115
ÿ121,Starmie,PSYCHIC,520,60,75,85,100,85,115
ÿ122,Mr. Mime,PSYCHIC,460,40,45,65,100,120,90
ÿ122,Mr. Mime,FAIRY,460,40,45,65,100,120,90
ÿ123,Scyther,BUG,500,70,110,80,55,80,105
ÿ123,Scyther,FLYING,500,70,110,80,55,80,105
ÿ124,Jynx,ICE,455,65,50,35,115,95,95
ÿ124,Jynx,PSYCHIC,455,65,50,35,115,95,95
ÿ125,Electabuzz,ELECTRIC,490,65,83,57,95,85,105
ÿ126,Magmar,FIRE,495,65,95,57,100,85,93
ÿ127,Pinsir,BUG,500,65,125,100,55,70,85
ÿ127.1,Mega Pinsir,BUG,600,65,155,120,65,90,105
ÿ127.1,Mega Pinsir,FLYING,600,65,155,120,65,90,105
ÿ128,Tauros,NORMAL,490,75,100,95,40,70,110
ÿ129,Magikarp,WATER,200,20,10,55,15,20,80
ÿ130,Gyarados,WATER,540,95,125,79,60,100,81
ÿ130,Gyarados,FLYING,540,95,125,79,60,100,81
ÿ130.1,Mega Gyarados,WATER,640,95,155,109,70,130,81
ÿ130.1,Mega Gyarados,DARK,640,95,155,109,70,130,81
ÿ131,Lapras,WATER,535,130,85,80,85,95,60
ÿ131,Lapras,ICE,535,130,85,80,85,95,60
ÿ132,Ditto,NORMAL,288,48,48,48,48,48,48
ÿ133,Eevee,NORMAL,325,55,55,50,45,65,55
ÿ134,Vaporeon,WATER,525,130,65,60,110,95,65
ÿ135,Jolteon,ELECTRIC,525,65,65,60,110,95,130
ÿ136,Flareon,FIRE,525,65,130,60,95,110,65
ÿ137,Porygon,NORMAL,395,65,60,70,85,75,40
ÿ138,Omanyte,ROCK,355,35,40,100,90,55,35
ÿ138,Omanyte,WATER,355,35,40,100,90,55,35
ÿ139,Omastar,ROCK,495,70,60,125,115,70,55
ÿ139,Omastar,WATER,495,70,60,125,115,70,55
ÿ140,Kabuto,ROCK,355,30,80,90,55,45,55
ÿ140,Kabuto,WATER,355,30,80,90,55,45,55
ÿ141,Kabutops,ROCK,495,60,115,105,65,70,80
ÿ141,Kabutops,WATER,495,60,115,105,65,70,80
ÿ142,Aerodactyl,ROCK,515,80,105,65,60,75,130
ÿ142,Aerodactyl,FLYING,515,80,105,65,60,75,130
ÿ142.1,Mega Aerodactyl,ROCK,615,80,135,85,70,95,150
ÿ142.1,Mega Aerodactyl,FLYING,615,80,135,85,70,95,150
ÿ143,Snorlax,NORMAL,540,160,110,65,65,110,30
ÿ144,Articuno,ICE,580,90,85,100,95,125,85
ÿ144,Articuno,FLYING,580,90,85,100,95,125,85
ÿ145,Zapdos,ELECTRIC,580,90,90,85,125,90,100
ÿ145,Zapdos,FLYING,580,90,90,85,125,90,100
ÿ146,Moltres,FIRE,580,90,100,90,125,85,90
ÿ146,Moltres,FLYING,580,90,100,90,125,85,90
ÿ147,Dratini,DRAGON,300,41,64,45,50,50,50
ÿ148,Dragonair,DRAGON,420,61,84,65,70,70,70
ÿ149,Dragonite,DRAGON,600,91,134,95,100,100,80
ÿ149,Dragonite,FLYING,600,91,134,95,100,100,80
ÿ150,Mewtwo,PSYCHIC,680,106,110,90,154,90,130
ÿ150.1,Mega Mewtwo X,PSYCHIC,780,106,190,100,154,100,130
ÿ150.1,Mega Mewtwo X,FIGHTING,780,106,190,100,154,100,130
ÿ150.2,Mega Mewtwo Y,PSYCHIC,780,106,150,70,194,120,140
ÿ150.2,Mega Mewtwo Y,PSYCHIC,780,106,150,70,194,120,140
ÿ151,Mew,PSYCHIC,600,100,100,100,100,100,100
ÿ152,Chikorita,GRASS,318,45,49,65,49,65,45
ÿ153,Bayleef,GRASS,405,60,62,80,63,80,60
ÿ154,Meganium,GRASS,525,80,82,100,83,100,80
ÿ155,Cyndaquil,FIRE,309,39,52,43,60,50,65
ÿ156,Quilava,FIRE,405,58,64,58,80,65,80
ÿ157,Typhlosion,FIRE,534,78,84,78,109,85,100
ÿ158,Totodile,WATER,314,50,65,64,44,48,43
ÿ159,Croconaw,WATER,405,65,80,80,59,63,58
ÿ160,Feraligatr,WATER,530,85,105,100,79,83,78
ÿ161,Sentret,NORMAL,215,35,46,34,35,45,20
ÿ162,Furret,NORMAL,415,85,76,64,45,55,90
ÿ163,Hoothoot,NORMAL,262,60,30,30,36,56,50
ÿ163,Hoothoot,FLYING,262,60,30,30,36,56,50
ÿ164,Noctowl,NORMAL,442,100,50,50,76,96,70
ÿ164,Noctowl,FLYING,442,100,50,50,76,96,70
ÿ165,Ledyba,BUG,265,40,20,30,40,80,55
ÿ165,Ledyba,FLYING,265,40,20,30,40,80,55
ÿ166,Ledian,BUG,390,55,35,50,55,110,85
ÿ166,Ledian,FLYING,390,55,35,50,55,110,85
ÿ167,Spinarak,BUG,250,40,60,40,40,40,30
ÿ167,Spinarak,POISON,250,40,60,40,40,40,30
ÿ168,Ariados,BUG,390,70,90,70,60,60,40
ÿ168,Ariados,POISON,390,70,90,70,60,60,40
ÿ169,Crobat,POISON,535,85,90,80,70,80,130
ÿ169,Crobat,FLYING,535,85,90,80,70,80,130
ÿ170,Chinchou,WATER,330,75,38,38,56,56,67
ÿ170,Chinchou,ELECTRIC,330,75,38,38,56,56,67
ÿ171,Lanturn,WATER,460,125,58,58,76,76,67
ÿ171,Lanturn,ELECTRIC,460,125,58,58,76,76,67
ÿ172,Pichu,ELECTRIC,205,20,40,15,35,35,60
ÿ173,Cleffa,FAIRY,218,50,25,28,45,55,15
ÿ174,Igglybuff,NORMAL,210,90,30,15,40,20,15
ÿ174,Igglybuff,FAIRY,210,90,30,15,40,20,15
ÿ175,Togepi,FAIRY,245,35,20,65,40,65,20
ÿ176,Togetic,FAIRY,405,55,40,85,80,105,40
ÿ176,Togetic,FLYING,405,55,40,85,80,105,40
ÿ177,Natu,PSYCHIC,320,40,50,45,70,45,70
ÿ177,Natu,FLYING,320,40,50,45,70,45,70
ÿ178,Xatu,PSYCHIC,470,65,75,70,95,70,95
ÿ178,Xatu,FLYING,470,65,75,70,95,70,95
ÿ179,Mareep,ELECTRIC,280,55,40,40,65,45,35
ÿ180,Flaaffy,ELECTRIC,365,70,55,55,80,60,45
ÿ181,Ampharos,ELECTRIC,500,90,75,75,115,90,55
ÿ181.1,Mega Ampharos,ELECTRIC,610,90,95,105,165,110,45
ÿ181.1,Mega Ampharos,DRAGON,610,90,95,105,165,110,45
ÿ182,Bellossom,GRASS,480,75,80,85,90,100,50
ÿ183,Marill,WATER,250,70,20,50,20,50,40
ÿ183,Marill,FAIRY,250,70,20,50,20,50,40
ÿ184,Azumarill,WATER,410,100,50,80,50,80,50
ÿ184,Azumarill,FAIRY,410,100,50,80,50,80,50
ÿ185,Sudowoodo,ROCK,410,70,100,115,30,65,30
ÿ186,Politoed,WATER,500,90,75,75,90,100,70
ÿ187,Hoppip,GRASS,250,35,35,40,35,55,50
ÿ187,Hoppip,FLYING,250,35,35,40,35,55,50
ÿ188,Skiploom,GRASS,340,55,45,50,45,65,80
ÿ188,Skiploom,FLYING,340,55,45,50,45,65,80
ÿ189,Jumpluff,GRASS,450,75,55,70,55,85,110
ÿ189,Jumpluff,FLYING,450,75,55,70,55,85,110
ÿ190,Aipom,NORMAL,360,55,70,55,40,55,85
ÿ191,Sunkern,GRASS,180,30,30,30,30,30,30
ÿ192,Sunflora,GRASS,425,75,75,55,105,85,30
ÿ193,Yanma,BUG,390,65,65,45,75,45,95
ÿ193,Yanma,FLYING,390,65,65,45,75,45,95
ÿ194,Wooper,WATER,210,55,45,45,25,25,15
ÿ194,Wooper,GROUND,210,55,45,45,25,25,15
ÿ195,Quagsire,WATER,430,95,85,85,65,65,35
ÿ195,Quagsire,GROUND,430,95,85,85,65,65,35
ÿ196,Espeon,PSYCHIC,525,65,65,60,130,95,110
ÿ197,Umbreon,DARK,525,95,65,110,60,130,65
ÿ198,Murkrow,DARK,405,60,85,42,85,42,91
ÿ198,Murkrow,FLYING,405,60,85,42,85,42,91
ÿ199,Slowking,WATER,490,95,75,80,100,110,30
ÿ199,Slowking,PSYCHIC,490,95,75,80,100,110,30
ÿ200,Misdreavus,GHOST,435,60,60,60,85,85,85
ÿ201,Unown,PSYCHIC,336,48,72,48,72,48,48
ÿ202,Wobbuffet,PSYCHIC,405,190,33,58,33,58,33
ÿ203,Girafarig,NORMAL,455,70,80,65,90,65,85
ÿ203,Girafarig,PSYCHIC,455,70,80,65,90,65,85
ÿ204,Pineco,BUG,290,50,65,90,35,35,15
ÿ205,Forretress,BUG,465,75,90,140,60,60,40
ÿ205,Forretress,STEEL,465,75,90,140,60,60,40
ÿ206,Dunsparce,NORMAL,415,100,70,70,65,65,45
ÿ207,Gligar,GROUND,430,65,75,105,35,65,85
ÿ207,Gligar,FLYING,430,65,75,105,35,65,85
ÿ208,Steelix,STEEL,510,75,85,200,55,65,30
ÿ208,Steelix,GROUND,510,75,85,200,55,65,30
ÿ209,Snubbull,FAIRY,300,60,80,50,40,40,30
ÿ210,Granbull,FAIRY,450,90,120,75,60,60,45
ÿ211,Qwilfish,WATER,430,65,95,75,55,55,85
ÿ211,Qwilfish,POISON,430,65,95,75,55,55,85
ÿ212,Scizor,BUG,500,70,130,100,55,80,65
ÿ212,Scizor,STEEL,500,70,130,100,55,80,65
ÿ212.1,Mega Scizor,BUG,600,70,150,140,65,100,75
ÿ212.1,Mega Scizor,STEEL,600,70,150,140,65,100,75
ÿ213,Shuckle,BUG,505,20,10,230,10,230,5
ÿ213,Shuckle,ROCK,505,20,10,230,10,230,5
ÿ214,Heracross,BUG,500,80,125,75,40,95,85
ÿ214,Heracross,FIGHTING,500,80,125,75,40,95,85
ÿ214.1,Mega Heracross,BUG,600,80,185,115,40,105,75
ÿ214.1,Mega Heracross,FIGHTING,600,80,185,115,40,105,75
ÿ215,Sneasel,DARK,430,55,95,55,35,75,115
ÿ215,Sneasel,ICE,430,55,95,55,35,75,115
ÿ216,Teddiursa,NORMAL,330,60,80,50,50,50,40
ÿ217,Ursaring,NORMAL,500,90,130,75,75,75,55
ÿ218,Slugma,FIRE,250,40,40,40,70,40,20
ÿ219,Magcargo,FIRE,410,50,50,120,80,80,30
ÿ219,Magcargo,ROCK,410,50,50,120,80,80,30
ÿ220,Swinub,ICE,250,50,50,40,30,30,50
ÿ220,Swinub,GROUND,250,50,50,40,30,30,50
ÿ221,Piloswine,ICE,450,100,100,80,60,60,50
ÿ221,Piloswine,GROUND,450,100,100,80,60,60,50
ÿ222,Corsola,WATER,380,55,55,85,65,85,35
ÿ222,Corsola,ROCK,380,55,55,85,65,85,35
ÿ223,Remoraid,WATER,300,35,65,35,65,35,65
ÿ224,Octillery,WATER,480,75,105,75,105,75,45
ÿ225,Delibird,ICE,330,45,55,45,65,45,75
ÿ225,Delibird,FLYING,330,45,55,45,65,45,75
ÿ226,Mantine,WATER,465,65,40,70,80,140,70
ÿ226,Mantine,FLYING,465,65,40,70,80,140,70
ÿ227,Skarmory,STEEL,465,65,80,140,40,70,70
ÿ227,Skarmory,FLYING,465,65,80,140,40,70,70
ÿ228,Houndour,DARK,330,45,60,30,80,50,65
ÿ228,Houndour,FIRE,330,45,60,30,80,50,65
ÿ229,Houndoom,DARK,500,75,90,50,110,80,95
ÿ229,Houndoom,FIRE,500,75,90,50,110,80,95
ÿ229.1,Mega Houndoom,DARK,600,75,90,90,140,90,115
ÿ229.1,Mega Houndoom,FIRE,600,75,90,90,140,90,115
ÿ230,Kingdra,WATER,540,75,95,95,95,95,85
ÿ230,Kingdra,DRAGON,540,75,95,95,95,95,85
ÿ231,Phanpy,GROUND,330,90,60,60,40,40,40
ÿ232,Donphan,GROUND,500,90,120,120,60,60,50
ÿ233,Porygon2,NORMAL,515,85,80,90,105,95,60
ÿ234,Stantler,NORMAL,465,73,95,62,85,65,85
ÿ235,Smeargle,NORMAL,250,55,20,35,20,45,75
ÿ236,Tyrogue,FIGHTING,210,35,35,35,35,35,35
ÿ237,Hitmontop,FIGHTING,455,50,95,95,35,110,70
ÿ238,Smoochum,ICE,305,45,30,15,85,65,65
ÿ238,Smoochum,PSYCHIC,305,45,30,15,85,65,65
ÿ239,Elekid,ELECTRIC,360,45,63,37,65,55,95
ÿ240,Magby,FIRE,365,45,75,37,70,55,83
ÿ241,Miltank,NORMAL,490,95,80,105,40,70,100
ÿ242,Blissey,NORMAL,540,255,10,10,75,135,55
ÿ243,Raikou,ELECTRIC,580,90,85,75,115,100,115
ÿ244,Entei,FIRE,580,115,115,85,90,75,100
ÿ245,Suicune,WATER,580,100,75,115,90,115,85
ÿ246,Larvitar,ROCK,300,50,64,50,45,50,41
ÿ246,Larvitar,GROUND,300,50,64,50,45,50,41
ÿ247,Pupitar,ROCK,410,70,84,70,65,70,51
ÿ247,Pupitar,GROUND,410,70,84,70,65,70,51
ÿ248,Tyranitar,ROCK,600,100,134,110,95,100,61
ÿ248,Tyranitar,DARK,600,100,134,110,95,100,61
ÿ248.1,Mega Tyranitar,ROCK,700,100,164,150,95,120,71
ÿ248.1,Mega Tyranitar,DARK,700,100,164,150,95,120,71
ÿ249,Lugia,PSYCHIC,680,106,90,130,90,154,110
ÿ249,Lugia,FLYING,680,106,90,130,90,154,110
ÿ250,Ho-oh,FIRE,680,106,130,90,110,154,90
ÿ250,Ho-oh,FLYING,680,106,130,90,110,154,90
ÿ251,Celebi,PSYCHIC,600,100,100,100,100,100,100
ÿ251,Celebi,GRASS,600,100,100,100,100,100,100
ÿ252,Treecko,GRASS,310,40,45,35,65,55,70
ÿ253,Grovyle,GRASS,405,50,65,45,85,65,95
ÿ254,Sceptile,GRASS,530,70,85,65,105,85,120
ÿ255,Torchic,FIRE,310,45,60,40,70,50,45
ÿ256,Combusken,FIRE,405,60,85,60,85,60,55
ÿ256,Combusken,FIGHTING,405,60,85,60,85,60,55
ÿ257,Blaziken,FIRE,530,80,120,70,110,70,80
ÿ257,Blaziken,FIGHTING,530,80,120,70,110,70,80
ÿ257.1,Mega Blaziken,FIRE,630,80,160,80,130,80,100
ÿ257.1,Mega Blaziken,FIGHTING,630,80,160,80,130,80,100
ÿ258,Mudkip,WATER,310,50,70,50,50,50,40
ÿ259,Marshtomp,WATER,405,70,85,70,60,70,50
ÿ259,Marshtomp,GROUND,405,70,85,70,60,70,50
ÿ260,Swampert,WATER,535,100,110,90,85,90,60
ÿ260,Swampert,GROUND,535,100,110,90,85,90,60
ÿ261,Poochyena,DARK,220,35,55,35,30,30,35
ÿ262,Mightyena,DARK,420,70,90,70,60,60,70
ÿ263,Zigzagoon,NORMAL,240,38,30,41,30,41,60
ÿ264,Linoone,NORMAL,420,78,70,61,50,61,100
ÿ265,Wurmple,BUG,195,45,45,35,20,30,20
ÿ266,Silcoon,BUG,205,50,35,55,25,25,15
ÿ267,Beautifly,BUG,385,60,70,50,90,50,65
ÿ267,Beautifly,FLYING,385,60,70,50,90,50,65
ÿ268,Cascoon,BUG,205,50,35,55,25,25,15
ÿ269,Dustox,BUG,385,60,50,70,50,90,65
ÿ269,Dustox,POISON,385,60,50,70,50,90,65
ÿ270,Lotad,WATER,220,40,30,30,40,50,30
ÿ270,Lotad,GRASS,220,40,30,30,40,50,30
ÿ271,Lombre,WATER,340,60,50,50,60,70,50
ÿ271,Lombre,GRASS,340,60,50,50,60,70,50
ÿ272,Ludicolo,WATER,480,80,70,70,90,100,70
ÿ272,Ludicolo,GRASS,480,80,70,70,90,100,70
ÿ273,Seedot,GRASS,220,40,40,50,30,30,30
ÿ274,Nuzleaf,GRASS,340,70,70,40,60,40,60
ÿ274,Nuzleaf,DARK,340,70,70,40,60,40,60
ÿ275,Shiftry,GRASS,480,90,100,60,90,60,80
ÿ275,Shiftry,DARK,480,90,100,60,90,60,80
ÿ276,Taillow,NORMAL,270,40,55,30,30,30,85
ÿ276,Taillow,FLYING,270,40,55,30,30,30,85
ÿ277,Swellow,NORMAL,430,60,85,60,50,50,125
ÿ277,Swellow,FLYING,430,60,85,60,50,50,125
ÿ278,Wingull,WATER,270,40,30,30,55,30,85
ÿ278,Wingull,FLYING,270,40,30,30,55,30,85
ÿ279,Pelipper,WATER,430,60,50,100,85,70,65
ÿ279,Pelipper,FLYING,430,60,50,100,85,70,65
ÿ280,Ralts,PSYCHIC,198,28,25,25,45,35,40
ÿ280,Ralts,FAIRY,198,28,25,25,45,35,40
ÿ281,Kirlia,PSYCHIC,278,38,35,35,65,55,50
ÿ281,Kirlia,FAIRY,278,38,35,35,65,55,50
ÿ282,Gardevoir,PSYCHIC,518,68,65,65,125,115,80
ÿ282,Gardevoir,FAIRY,518,68,65,65,125,115,80
ÿ282.1,Mega Gardevoir,PSYCHIC,618,68,85,65,165,135,100
ÿ282.1,Mega Gardevoir,FAIRY,618,68,85,65,165,135,100
ÿ283,Surskit,BUG,269,40,30,32,50,52,65
ÿ283,Surskit,WATER,269,40,30,32,50,52,65
ÿ284,Masquerain,BUG,414,70,60,62,80,82,60
ÿ284,Masquerain,FLYING,414,70,60,62,80,82,60
ÿ285,Shroomish,GRASS,295,60,40,60,40,60,35
ÿ286,Breloom,GRASS,460,60,130,80,60,60,70
ÿ286,Breloom,FIGHTING,460,60,130,80,60,60,70
ÿ287,Slakoth,NORMAL,280,60,60,60,35,35,30
ÿ288,Vigoroth,NORMAL,440,80,80,80,55,55,90
ÿ289,Slaking,NORMAL,670,150,160,100,95,65,100
ÿ290,Nincada,BUG,266,31,45,90,30,30,40
ÿ290,Nincada,GROUND,266,31,45,90,30,30,40
ÿ291,Ninjask,BUG,456,61,90,45,50,50,160
ÿ291,Ninjask,FLYING,456,61,90,45,50,50,160
ÿ292,Shedinja,BUG,236,1,90,45,30,30,40
ÿ292,Shedinja,GHOST,236,1,90,45,30,30,40
ÿ293,Whismur,NORMAL,240,64,51,23,51,23,28
ÿ294,Loudred,NORMAL,360,84,71,43,71,43,48
ÿ295,Exploud,NORMAL,480,104,91,63,91,63,68
ÿ296,Makuhita,FIGHTING,237,72,60,30,20,30,25
ÿ297,Hariyama,FIGHTING,474,144,120,60,40,60,50
ÿ298,Azurill,NORMAL,190,50,20,40,20,40,20
ÿ298,Azurill,FAIRY,190,50,20,40,20,40,20
ÿ299,Nosepass,ROCK,375,30,45,135,45,90,30
ÿ300,Skitty,NORMAL,260,50,45,45,35,35,50
ÿ301,Delcatty,NORMAL,380,70,65,65,55,55,70
ÿ302,Sableye,DARK,380,50,75,75,65,65,50
ÿ302,Sableye,GHOST,380,50,75,75,65,65,50
ÿ303,Mawile,STEEL,380,50,85,85,55,55,50
ÿ303,Mawile,FAIRY,380,50,85,85,55,55,50
ÿ303.1,Mega Mawile,STEEL,520,50,105,125,55,95,90
ÿ303.1,Mega Mawile,FAIRY,520,50,105,125,55,95,90
ÿ304,Aron,STEEL,330,50,70,100,40,40,30
ÿ304,Aron,ROCK,330,50,70,100,40,40,30
ÿ305,Lairon,STEEL,430,60,90,140,50,50,40
ÿ305,Lairon,ROCK,430,60,90,140,50,50,40
ÿ306,Aggron,STEEL,530,70,110,180,60,60,50
ÿ306,Aggron,ROCK,530,70,110,180,60,60,50
ÿ306.1,Mega Aggron,STEEL,630,70,140,230,60,80,50
ÿ306.1,Mega Aggron,STEEL,630,70,140,230,60,80,50
ÿ307,Meditite,FIGHTING,280,30,40,55,40,55,60
ÿ307,Meditite,PSYCHIC,280,30,40,55,40,55,60
ÿ308,Medicham,FIGHTING,410,60,60,75,60,75,80
ÿ308,Medicham,PSYCHIC,410,60,60,75,60,75,80
ÿ308.1,Mega Medicham,FIGHTING,510,60,100,85,80,85,100
ÿ308.1,Mega Medicham,PSYCHIC,510,60,100,85,80,85,100
ÿ309,Electrike,ELECTRIC,295,40,45,40,65,40,65
ÿ310,Manectric,ELECTRIC,475,70,75,60,105,60,105
ÿ310.1,Mega Manectric,ELECTRIC,575,70,75,80,135,80,135
ÿ310.1,Mega Manectric,ELECTRIC,575,70,75,80,135,80,135
ÿ311,Plusle,ELECTRIC,405,60,50,40,85,75,95
ÿ312,Minun,ELECTRIC,405,60,40,50,75,85,95
ÿ313,Volbeat,BUG,400,65,73,55,47,75,85
ÿ314,Illumise,BUG,400,65,47,55,73,75,85
ÿ315,Roselia,GRASS,400,50,60,45,100,80,65
ÿ315,Roselia,POISON,400,50,60,45,100,80,65
ÿ316,Gulpin,POISON,302,70,43,53,43,53,40
ÿ317,Swalot,POISON,467,100,73,83,73,83,55
ÿ318,Carvanha,WATER,305,45,90,20,65,20,65
ÿ318,Carvanha,DARK,305,45,90,20,65,20,65
ÿ319,Sharpedo,WATER,460,70,120,40,95,40,95
ÿ319,Sharpedo,DARK,460,70,120,40,95,40,95
ÿ320,Wailmer,WATER,400,130,70,35,70,35,60
ÿ321,Wailord,WATER,500,170,90,45,90,45,60
ÿ322,Numel,FIRE,305,60,60,40,65,45,35
ÿ322,Numel,GROUND,305,60,60,40,65,45,35
ÿ323,Camerupt,FIRE,460,70,100,70,105,75,40
ÿ323,Camerupt,GROUND,460,70,100,70,105,75,40
ÿ324,Torkoal,FIRE,470,70,85,140,85,70,20
ÿ325,Spoink,PSYCHIC,330,60,25,35,70,80,60
ÿ326,Grumpig,PSYCHIC,470,80,45,65,90,110,80
ÿ327,Spinda,NORMAL,360,60,60,60,60,60,60
ÿ328,Trapinch,GROUND,290,45,100,45,45,45,10
ÿ329,Vibrava,GROUND,340,50,70,50,50,50,70
ÿ329,Vibrava,DRAGON,340,50,70,50,50,50,70
ÿ330,Flygon,GROUND,520,80,100,80,80,80,100
ÿ330,Flygon,DRAGON,520,80,100,80,80,80,100
ÿ331,Cacnea,GRASS,335,50,85,40,85,40,35
ÿ332,Cacturne,GRASS,475,70,115,60,115,60,55
ÿ332,Cacturne,DARK,475,70,115,60,115,60,55
ÿ333,Swablu,NORMAL,310,45,40,60,40,75,50
ÿ333,Swablu,FLYING,310,45,40,60,40,75,50
ÿ334,Altaria,DRAGON,490,75,70,90,70,105,80
ÿ334,Altaria,FLYING,490,75,70,90,70,105,80
ÿ335,Zangoose,NORMAL,458,73,115,60,60,60,90
ÿ336,Seviper,POISON,458,73,100,60,100,60,65
ÿ337,Lunatone,ROCK,440,70,55,65,95,85,70
ÿ337,Lunatone,PSYCHIC,440,70,55,65,95,85,70
ÿ338,Solrock,ROCK,440,70,95,85,55,65,70
ÿ338,Solrock,PSYCHIC,440,70,95,85,55,65,70
ÿ339,Barboach,WATER,288,50,48,43,46,41,60
ÿ339,Barboach,GROUND,288,50,48,43,46,41,60
ÿ340,Whiscash,WATER,468,110,78,73,76,71,60
ÿ340,Whiscash,GROUND,468,110,78,73,76,71,60
ÿ341,Corphish,WATER,308,43,80,65,50,35,35
ÿ342,Crawdaunt,WATER,468,63,120,85,90,55,55
ÿ342,Crawdaunt,DARK,468,63,120,85,90,55,55
ÿ343,Baltoy,GROUND,300,40,40,55,40,70,55
ÿ343,Baltoy,PSYCHIC,300,40,40,55,40,70,55
ÿ344,Claydol,GROUND,500,60,70,105,70,120,75
ÿ344,Claydol,PSYCHIC,500,60,70,105,70,120,75
ÿ345,Lileep,ROCK,355,66,41,77,61,87,23
ÿ345,Lileep,GRASS,355,66,41,77,61,87,23
ÿ346,Cradily,ROCK,495,86,81,97,81,107,43
ÿ346,Cradily,GRASS,495,86,81,97,81,107,43
ÿ347,Anorith,ROCK,355,45,95,50,40,50,75
ÿ347,Anorith,BUG,355,45,95,50,40,50,75
ÿ348,Armaldo,ROCK,495,75,125,100,70,80,45
ÿ348,Armaldo,BUG,495,75,125,100,70,80,45
ÿ349,Feebas,WATER,200,20,15,20,10,55,80
ÿ350,Milotic,WATER,540,95,60,79,100,125,81
ÿ351,Castform,NORMAL,420,70,70,70,70,70,70
ÿ352,Kecleon,NORMAL,440,60,90,70,60,120,40
ÿ353,Shuppet,GHOST,295,44,75,35,63,33,45
ÿ354,Banette,GHOST,455,64,115,65,83,63,65
ÿ354.1,Mega Banette,GHOST,555,64,165,75,93,83,75
ÿ354.1,Mega Banette,GHOST,555,64,165,75,93,83,75
ÿ355,Duskull,GHOST,295,20,40,90,30,90,25
ÿ356,Dusclops,GHOST,455,40,70,130,60,130,25
ÿ357,Tropius,GRASS,460,99,68,83,72,87,51
ÿ357,Tropius,FLYING,460,99,68,83,72,87,51
ÿ358,Chimecho,PSYCHIC,425,65,50,70,95,80,65
ÿ359,Absol,DARK,465,65,130,60,75,60,75
ÿ359.1,Mega Absol,DARK,565,65,150,60,115,60,115
ÿ359.1,Mega Absol,DARK,565,65,150,60,115,60,115
ÿ360,Wynaut,PSYCHIC,260,95,23,48,23,48,23
ÿ361,Snorunt,ICE,300,50,50,50,50,50,50
ÿ362,Glalie,ICE,480,80,80,80,80,80,80
ÿ363,Spheal,ICE,290,70,40,50,55,50,25
ÿ363,Spheal,WATER,290,70,40,50,55,50,25
ÿ364,Sealeo,ICE,410,90,60,70,75,70,45
ÿ364,Sealeo,WATER,410,90,60,70,75,70,45
ÿ365,Walrein,ICE,530,110,80,90,95,90,65
ÿ365,Walrein,WATER,530,110,80,90,95,90,65
ÿ366,Clamperl,WATER,345,35,64,85,74,55,32
ÿ367,Huntail,WATER,485,55,104,105,94,75,52
ÿ368,Gorebyss,WATER,485,55,84,105,114,75,52
ÿ369,Relicanth,WATER,485,100,90,130,45,65,55
ÿ369,Relicanth,ROCK,485,100,90,130,45,65,55
ÿ370,Luvdisc,WATER,330,43,30,55,40,65,97
ÿ371,Bagon,DRAGON,300,45,75,60,40,30,50
ÿ372,Shelgon,DRAGON,420,65,95,100,60,50,50
ÿ373,Salamence,DRAGON,600,95,135,80,110,80,100
ÿ373,Salamence,FLYING,600,95,135,80,110,80,100
ÿ374,Beldum,STEEL,300,40,55,80,35,60,30
ÿ374,Beldum,PSYCHIC,300,40,55,80,35,60,30
ÿ375,Metang,STEEL,420,60,75,100,55,80,50
ÿ375,Metang,PSYCHIC,420,60,75,100,55,80,50
ÿ376,Metagross,STEEL,600,80,135,130,95,90,70
ÿ376,Metagross,PSYCHIC,600,80,135,130,95,90,70
ÿ377,Regirock,ROCK,580,80,100,200,50,100,50
ÿ378,Regice,ICE,580,80,50,100,100,200,50
ÿ379,Registeel,STEEL,580,80,75,150,75,150,50
ÿ380,Latias,DRAGON,600,80,80,90,110,130,110
ÿ380,Latias,PSYCHIC,600,80,80,90,110,130,110
ÿ381,Latios,DRAGON,600,80,90,80,130,110,110
ÿ381,Latios,PSYCHIC,600,80,90,80,130,110,110
ÿ382,Kyogre,WATER,670,100,100,90,150,140,90
ÿ383,Groudon,GROUND,670,100,150,140,100,90,90
ÿ384,Rayquaza,DRAGON,680,105,150,90,150,90,95
ÿ384,Rayquaza,FLYING,680,105,150,90,150,90,95
ÿ385,Jirachi,STEEL,600,100,100,100,100,100,100
ÿ385,Jirachi,PSYCHIC,600,100,100,100,100,100,100
ÿ386,Deoxys- Normal Forme,PSYCHIC,600,50,150,50,150,50,150
ÿ386.1,Deoxys- Attack Forme,PSYCHIC,600,50,180,20,180,20,150
ÿ386.2,Deoxys- Defense Forme,PSYCHIC,600,50,70,160,70,160,90
ÿ386.3,Deoxys- Speed Forme,PSYCHIC,600,50,95,90,95,90,180
ÿ387,Turtwig,GRASS,318,55,68,64,45,55,31
ÿ388,Grotle,GRASS,405,75,89,85,55,65,36
ÿ389,Torterra,GRASS,525,95,109,105,75,85,56
ÿ389,Torterra,GROUND,525,95,109,105,75,85,56
ÿ390,Chimchar,FIRE,309,44,58,44,58,44,61
ÿ391,Monferno,FIRE,405,64,78,52,78,52,81
ÿ391,Monferno,FIGHTING,405,64,78,52,78,52,81
ÿ392,Infernape,FIRE,534,76,104,71,104,71,108
ÿ392,Infernape,FIGHTING,534,76,104,71,104,71,108
ÿ393,Piplup,WATER,314,53,51,53,61,56,40
ÿ394,Prinplup,WATER,405,64,66,68,81,76,50
ÿ395,Empoleon,WATER,530,84,86,88,111,101,60
ÿ395,Empoleon,STEEL,530,84,86,88,111,101,60
ÿ396,Starly,NORMAL,245,40,55,30,30,30,60
ÿ396,Starly,FLYING,245,40,55,30,30,30,60
ÿ397,Staravia,NORMAL,340,55,75,50,40,40,80
ÿ397,Staravia,FLYING,340,55,75,50,40,40,80
ÿ398,Staraptor,NORMAL,475,85,120,70,50,50,100
ÿ398,Staraptor,FLYING,475,85,120,70,50,50,100
ÿ399,Bidoof,NORMAL,250,59,45,40,35,40,31
ÿ400,Bibarel,NORMAL,410,79,85,60,55,60,71
ÿ400,Bibarel,WATER,410,79,85,60,55,60,71
ÿ401,Kricketot,BUG,194,37,25,41,25,41,25
ÿ402,Kricketune,BUG,384,77,85,51,55,51,65
ÿ403,Shinx,ELECTRIC,263,45,65,34,40,34,45
ÿ404,Luxio,ELECTRIC,363,60,85,49,60,49,60
ÿ405,Luxray,ELECTRIC,523,80,120,79,95,79,70
ÿ406,Budew,GRASS,280,40,30,35,50,70,55
ÿ406,Budew,POISON,280,40,30,35,50,70,55
ÿ407,Roserade,GRASS,505,60,70,55,125,105,90
ÿ407,Roserade,POISON,505,60,70,55,125,105,90
ÿ408,Cranidos,ROCK,350,67,125,40,30,30,58
ÿ409,Rampardos,ROCK,495,97,165,60,65,50,58
ÿ410,Shieldon,ROCK,350,30,42,118,42,88,30
ÿ410,Shieldon,STEEL,350,30,42,118,42,88,30
ÿ411,Bastiodon,ROCK,495,60,52,168,47,138,30
ÿ411,Bastiodon,STEEL,495,60,52,168,47,138,30
ÿ412,Burmy,BUG,224,40,29,45,29,45,36
ÿ413,Wormadam- Plant Cloak,BUG,424,60,59,85,79,105,36
ÿ413.1,Wormadam- Sandy Cloak,BUG,424,60,79,105,59,85,36
ÿ413,Wormadam- Trash Cloak,BUG,424,60,69,95,69,95,36
ÿ414,Mothim,BUG,424,70,94,50,94,50,66
ÿ414,Mothim,FLYING,424,70,94,50,94,50,66
ÿ415,Combee,BUG,244,30,30,42,30,42,70
ÿ415,Combee,FLYING,244,30,30,42,30,42,70
ÿ416,Vespiquen,BUG,474,70,80,102,80,102,40
ÿ416,Vespiquen,FLYING,474,70,80,102,80,102,40
ÿ417,Pachirisu,ELECTRIC,405,60,45,70,45,90,95
ÿ418,Buizel,WATER,330,55,65,35,60,30,85
ÿ419,Floatzel,WATER,495,85,105,55,85,50,115
ÿ420,Cherubi,GRASS,275,45,35,45,62,53,35
ÿ421,Cherrim,GRASS,450,70,60,70,87,78,85
ÿ422,Shellos,WATER,325,76,48,48,57,62,34
ÿ423,Gastrodon,WATER,475,111,83,68,92,82,39
ÿ423,Gastrodon,GROUND,475,111,83,68,92,82,39
ÿ424,Ambipom,NORMAL,482,75,100,66,60,66,115
ÿ425,Drifloon,GHOST,348,90,50,34,60,44,70
ÿ425,Drifloon,FLYING,348,90,50,34,60,44,70
ÿ426,Drifblim,GHOST,498,150,80,44,90,54,80
ÿ426,Drifblim,FLYING,498,150,80,44,90,54,80
ÿ427,Buneary,NORMAL,350,55,66,44,44,56,85
ÿ428,Lopunny,NORMAL,480,65,76,84,54,96,105
ÿ429,Mismagius,GHOST,495,60,60,60,105,105,105
ÿ430,Honchkrow,DARK,505,100,125,52,105,52,71
ÿ430,Honchkrow,FLYING,505,100,125,52,105,52,71
ÿ431,Glameow,NORMAL,310,49,55,42,42,37,85
ÿ432,Purugly,NORMAL,452,71,82,64,64,59,112
ÿ433,Chingling,PSYCHIC,285,45,30,50,65,50,45
ÿ434,Stunky,POISON,329,63,63,47,41,41,74
ÿ434,Stunky,DARK,329,63,63,47,41,41,74
ÿ435,Skuntank,POISON,479,103,93,67,71,61,84
ÿ435,Skuntank,DARK,479,103,93,67,71,61,84
ÿ436,Bronzor,STEEL,300,57,24,86,24,86,23
ÿ436,Bronzor,PSYCHIC,300,57,24,86,24,86,23
ÿ437,Bronzong,STEEL,500,67,89,116,79,116,33
ÿ437,Bronzong,PSYCHIC,500,67,89,116,79,116,33
ÿ438,Bonsly,ROCK,290,50,80,95,10,45,10
ÿ439,Mime Jr.,PSYCHIC,310,20,25,45,70,90,60
ÿ439,Mime Jr.,FAIRY,310,20,25,45,70,90,60
ÿ440,Happiny,NORMAL,220,100,5,5,15,65,30
ÿ441,Chatot,NORMAL,411,76,65,45,92,42,91
ÿ441,Chatot,FLYING,411,76,65,45,92,42,91
ÿ442,Spiritomb,GHOST,485,50,92,108,92,108,35
ÿ442,Spiritomb,DARK,485,50,92,108,92,108,35
ÿ443,Gible,DRAGON,300,58,70,45,40,45,42
ÿ443,Gible,GROUND,300,58,70,45,40,45,42
ÿ444,Gabite,DRAGON,410,68,90,65,50,55,82
ÿ444,Gabite,GROUND,410,68,90,65,50,55,82
ÿ445,Garchomp,DRAGON,600,108,130,95,80,85,102
ÿ445,Garchomp,GROUND,600,108,130,95,80,85,102
ÿ445.1,Mega Garchomp,DRAGON,700,108,170,115,120,95,92
ÿ445.1,Mega Garchomp,GROUND,700,108,170,115,120,95,92
ÿ446,Munchlax,NORMAL,390,135,85,40,40,85,5
ÿ447,Riolu,FIGHTING,285,40,70,40,35,40,60
ÿ448,Lucario,FIGHTING,525,70,110,70,115,70,90
ÿ448,Lucario,STEEL,525,70,110,70,115,70,90
ÿ448.1,Mega Lucario,FIGHTING,625,70,145,88,140,70,112
ÿ448.1,Mega Lucario,STEEL,625,70,145,88,140,70,112
ÿ449,Hippopotas,GROUND,330,68,72,78,38,42,32
ÿ450,Hippowdon,GROUND,525,108,112,118,68,72,47
ÿ451,Skorupi,POISON,330,40,50,90,30,55,65
ÿ451,Skorupi,BUG,330,40,50,90,30,55,65
ÿ452,Drapion,POISON,500,70,90,110,60,75,95
ÿ452,Drapion,DARK,500,70,90,110,60,75,95
ÿ453,Croagunk,POISON,300,48,61,40,61,40,50
ÿ453,Croagunk,FIGHTING,300,48,61,40,61,40,50
ÿ454,Toxicroak,POISON,490,83,106,65,86,65,85
ÿ454,Toxicroak,FIGHTING,490,83,106,65,86,65,85
ÿ455,Carnivine,GRASS,454,74,100,72,90,72,46
ÿ456,Finneon,WATER,330,49,49,56,49,61,66
ÿ457,Lumineon,WATER,460,69,69,76,69,86,91
ÿ458,Mantyke,WATER,345,45,20,50,60,120,50
ÿ458,Mantyke,FLYING,345,45,20,50,60,120,50
ÿ459,Snover,GRASS,334,60,62,50,62,60,40
ÿ459,Snover,ICE,334,60,62,50,62,60,40
ÿ460,Abomasnow,GRASS,494,90,92,75,92,85,60
ÿ460,Abomasnow,ICE,494,90,92,75,92,85,60
ÿ460.1,Mega Abomasnow,GRASS,594,90,132,105,132,105,30
ÿ460.1,Mega Abomasnow,ICE,594,90,132,105,132,105,30
ÿ461,Weavile,DARK,510,70,120,65,45,85,125
ÿ461,Weavile,ICE,510,70,120,65,45,85,125
ÿ462,Magnezone,ELECTRIC,535,70,70,115,130,90,60
ÿ462,Magnezone,STEEL,535,70,70,115,130,90,60
ÿ463,Lickilicky,NORMAL,515,110,85,95,80,95,50
ÿ464,Rhyperior,GROUND,535,115,140,130,55,55,40
ÿ464,Rhyperior,ROCK,535,115,140,130,55,55,40
ÿ465,Tangrowth,GRASS,535,100,100,125,110,50,50
ÿ466,Electivire,ELECTRIC,540,75,123,67,95,85,95
ÿ467,Magmortar,FIRE,540,75,95,67,125,95,83
ÿ468,Togekiss,FAIRY,545,85,50,95,120,115,80
ÿ468,Togekiss,FLYING,545,85,50,95,120,115,80
ÿ469,Yanmega,BUG,515,86,76,86,116,56,95
ÿ469,Yanmega,FLYING,515,86,76,86,116,56,95
ÿ470,Leafeon,GRASS,525,65,110,130,60,65,95
ÿ471,Glaceon,ICE,525,65,60,110,130,95,65
ÿ472,Gliscor,GROUND,510,75,95,125,45,75,95
ÿ472,Gliscor,FLYING,510,75,95,125,45,75,95
ÿ473,Mamoswine,ICE,530,110,130,80,70,60,80
ÿ473,Mamoswine,GROUND,530,110,130,80,70,60,80
ÿ474,Porygon-Z,NORMAL,535,85,80,70,135,75,90
ÿ475,Gallade,PSYCHIC,518,68,125,65,65,115,80
ÿ475,Gallade,FIGHTING,518,68,125,65,65,115,80
ÿ476,Probopass,ROCK,525,60,55,145,75,150,40
ÿ476,Probopass,STEEL,525,60,55,145,75,150,40
ÿ477,Dusknoir,GHOST,525,45,100,135,65,135,45
ÿ478,Froslass,ICE,480,70,80,70,80,70,110
ÿ478,Froslass,GHOST,480,70,80,70,80,70,110
ÿ479,Rotom,ELECTRIC,440,50,50,77,95,77,91
ÿ479,Rotom,GHOST,440,50,50,77,95,77,91
ÿ479.1,Heat Rotom,ELECTRIC,520,50,65,107,105,107,86
ÿ479.1,Heat Rotom,FIRE,520,50,65,107,105,107,86
ÿ479.2,Wash Rotom,ELECTRIC,520,50,65,107,105,107,86
ÿ479.2,Wash Rotom,WATER,520,50,65,107,105,107,86
ÿ479.3,Frost Rotom,ELECTRIC,520,50,65,107,105,107,86
ÿ479.3,Frost Rotom,ICE,520,50,65,107,105,107,86
ÿ479.4,Fan Rotom,ELECTRIC,520,50,65,107,105,107,86
ÿ479.4,Fan Rotom,FLYING,520,50,65,107,105,107,86
ÿ479.5,Mow Rotom,ELECTRIC,520,50,65,107,105,107,86
ÿ479.5,Mow Rotom,GRASS,520,50,65,107,105,107,86
ÿ480,Uxie,PSYCHIC,580,75,75,130,75,130,95
ÿ481,Mesprit,PSYCHIC,580,80,105,105,105,105,80
ÿ482,Azelf,PSYCHIC,580,75,125,70,125,70,115
ÿ483,Dialga,STEEL,680,100,120,120,150,100,90
ÿ483,Dialga,DRAGON,680,100,120,120,150,100,90
ÿ484,Palkia,WATER,680,90,120,100,150,120,100
ÿ484,Palkia,DRAGON,680,90,120,100,150,120,100
ÿ485,Heatran,FIRE,600,91,90,106,130,106,77
ÿ485,Heatran,STEEL,600,91,90,106,130,106,77
ÿ486,Regigigas,NORMAL,670,110,160,110,80,110,100
ÿ487,Giratina- Altered Forme,GHOST,680,150,100,120,100,120,90
ÿ487,Giratina- Altered Forme,DRAGON,680,150,100,120,100,120,90
ÿ487.1,Giratina- Origin Forme,GHOST,680,150,120,100,120,100,90
ÿ487.1,Giratina- Origin Forme,DRAGON,680,150,120,100,120,100,90
ÿ488,Cresselia,PSYCHIC,600,120,70,120,75,130,85
ÿ489,Phione,WATER,480,80,80,80,80,80,80
ÿ490,Manaphy,WATER,600,100,100,100,100,100,100
ÿ491,Darkrai,DARK,600,70,90,90,135,90,125
ÿ492,Shaymin- Land Forme,GRASS,600,100,100,100,100,100,100
ÿ492.1,Shaymin- Sky Forme,GRASS,600,100,103,75,120,75,127
ÿ492.1,Shaymin- Sky Forme,FLYING,600,100,103,75,120,75,127
ÿ493,Arceus,NORMAL,720,120,120,120,120,120,120
ÿ494,Victini,PSYCHIC,600,100,100,100,100,100,100
ÿ494,Victini,FIRE,600,100,100,100,100,100,100
ÿ495,Snivy,GRASS,308,45,45,55,45,55,63
ÿ496,Servine,GRASS,413,60,60,75,60,75,83
ÿ497,Serperior,GRASS,528,75,75,95,75,95,113
ÿ498,Tepig,FIRE,308,65,63,45,45,45,45
ÿ499,Pignite,FIRE,418,90,93,55,70,55,55
ÿ499,Pignite,FIGHTING,418,90,93,55,70,55,55
ÿ500,Emboar,FIRE,528,110,123,65,100,65,65
ÿ500,Emboar,FIGHTING,528,110,123,65,100,65,65
ÿ501,Oshawott,WATER,308,55,55,45,63,45,45
ÿ502,Dewott,WATER,413,75,75,60,83,60,60
ÿ503,Samurott,WATER,528,95,100,85,108,70,70
ÿ504,Patrat,NORMAL,255,45,55,39,35,39,42
ÿ505,Watchog,NORMAL,420,60,85,69,60,69,77
ÿ506,Lillipup,NORMAL,275,45,60,45,25,45,55
ÿ507,Herdier,NORMAL,370,65,80,65,35,65,60
ÿ508,Stoutland,NORMAL,490,85,100,90,45,90,80
ÿ509,Purrloin,DARK,281,41,50,37,50,37,66
ÿ510,Liepard,DARK,446,64,88,50,88,50,106
ÿ511,Pansage,GRASS,316,50,53,48,53,48,64
ÿ512,Simisage,GRASS,498,75,98,63,98,63,101
ÿ513,Pansear,FIRE,316,50,53,48,53,48,64
ÿ514,Simisear,FIRE,498,75,98,63,98,63,101
ÿ515,Panpour,WATER,316,50,53,48,53,48,64
ÿ516,Simipour,WATER,498,75,98,63,98,63,101
ÿ517,Munna,PSYCHIC,292,76,25,45,67,55,24
ÿ518,Musharna,PSYCHIC,487,116,55,85,107,95,29
ÿ519,Pidove,NORMAL,264,50,55,50,36,30,43
ÿ519,Pidove,FLYING,264,50,55,50,36,30,43
ÿ520,Tranquill,NORMAL,358,62,77,62,50,42,65
ÿ520,Tranquill,FLYING,358,62,77,62,50,42,65
ÿ521,Unfezant,NORMAL,478,80,105,80,65,55,93
ÿ521,Unfezant,FLYING,478,80,105,80,65,55,93
ÿ522,Blitzle,ELECTRIC,295,45,60,32,50,32,76
ÿ523,Zebstrika,ELECTRIC,497,75,100,63,80,63,116
ÿ524,Roggenrola,ROCK,280,55,75,85,25,25,15
ÿ525,Boldore,ROCK,390,70,105,105,50,40,20
ÿ526,Gigalith,ROCK,505,85,135,130,60,70,25
ÿ527,Woobat,PSYCHIC,313,55,45,43,55,43,72
ÿ527,Woobat,FLYING,313,55,45,43,55,43,72
ÿ528,Swoobat,PSYCHIC,425,67,57,55,77,55,114
ÿ528,Swoobat,FLYING,425,67,57,55,77,55,114
ÿ529,Drilbur,GROUND,328,60,85,40,30,45,68
ÿ530,Excadrill,GROUND,508,110,135,60,50,65,88
ÿ530,Excadrill,STEEL,508,110,135,60,50,65,88
ÿ531,Audino,NORMAL,445,103,60,86,60,86,50
ÿ532,Timburr,FIGHTING,305,75,80,55,25,35,35
ÿ533,Gurdurr,FIGHTING,405,85,105,85,40,50,40
ÿ534,Conkeldurr,FIGHTING,505,105,140,95,55,65,45
ÿ535,Tympole,WATER,294,50,50,40,50,40,64
ÿ536,Palpitoad,WATER,384,75,65,55,65,55,69
ÿ536,Palpitoad,GROUND,384,75,65,55,65,55,69
ÿ537,Seismitoad,WATER,499,105,85,75,85,75,74
ÿ537,Seismitoad,GROUND,499,105,85,75,85,75,74
ÿ538,Throh,FIGHTING,465,120,100,85,30,85,45
ÿ539,Sawk,FIGHTING,465,75,125,75,30,75,85
ÿ540,Sewaddle,BUG,310,45,53,70,40,60,42
ÿ540,Sewaddle,GRASS,310,45,53,70,40,60,42
ÿ541,Swadloon,BUG,380,55,63,90,50,80,42
ÿ541,Swadloon,GRASS,380,55,63,90,50,80,42
ÿ542,Leavanny,BUG,490,75,103,80,70,70,92
ÿ542,Leavanny,GRASS,490,75,103,80,70,70,92
ÿ543,Venipede,BUG,260,30,45,59,30,39,57
ÿ543,Venipede,POISON,260,30,45,59,30,39,57
ÿ544,Whirlipede,BUG,360,40,55,99,40,79,47
ÿ544,Whirlipede,POISON,360,40,55,99,40,79,47
ÿ545,Scolipede,BUG,475,60,90,89,55,69,112
ÿ545,Scolipede,POISON,475,60,90,89,55,69,112
ÿ546,Cottonee,GRASS,280,40,27,60,37,50,66
ÿ547,Whimsicott,GRASS,480,60,67,85,77,75,116
ÿ548,Petilil,GRASS,280,45,35,50,70,50,30
ÿ549,Lilligant,GRASS,480,70,60,75,110,75,90
ÿ550,Basculin,WATER,460,70,92,65,80,55,98
ÿ551,Sandile,GROUND,292,50,72,35,35,35,65
ÿ551,Sandile,DARK,292,50,72,35,35,35,65
ÿ552,Krokorok,GROUND,351,60,82,45,45,45,74
ÿ552,Krokorok,DARK,351,60,82,45,45,45,74
ÿ553,Krookodile,GROUND,509,95,117,70,65,70,92
ÿ553,Krookodile,DARK,509,95,117,70,65,70,92
ÿ554,Darumaka,FIRE,315,70,90,45,15,45,50
ÿ555,Darmanitan- Standard Mode,FIRE,480,105,140,55,30,55,95
ÿ555,Darmanitan- Standard Mode,FIRE,480,105,140,55,30,55,95
ÿ555.1,Darmanitan- Zen Mode,FIRE,540,105,30,105,140,105,55
ÿ555.1,Darmanitan- Zen Mode,PSYCHIC,540,105,30,105,140,105,55
ÿ556,Maractus,GRASS,461,75,86,67,106,67,60
ÿ557,Dwebble,BUG,325,50,65,85,35,35,55
ÿ557,Dwebble,ROCK,325,50,65,85,35,35,55
ÿ558,Crustle,BUG,475,70,95,125,65,75,45
ÿ558,Crustle,ROCK,475,70,95,125,65,75,45
ÿ559,Scraggy,DARK,348,50,75,70,35,70,48
ÿ559,Scraggy,FIGHTING,348,50,75,70,35,70,48
ÿ560,Scrafty,DARK,488,65,90,115,45,115,58
ÿ560,Scrafty,FIGHTING,488,65,90,115,45,115,58
ÿ561,Sigilyph,PSYCHIC,490,72,58,80,103,80,97
ÿ561,Sigilyph,FLYING,490,72,58,80,103,80,97
ÿ562,Yamask,GHOST,303,38,30,85,55,65,30
ÿ563,Cofagrigus,GHOST,483,58,50,145,95,105,30
ÿ564,Tirtouga,WATER,355,54,78,103,53,45,22
ÿ564,Tirtouga,ROCK,355,54,78,103,53,45,22
ÿ565,Carracosta,WATER,495,74,108,133,83,65,32
ÿ565,Carracosta,ROCK,495,74,108,133,83,65,32
ÿ566,Archen,ROCK,401,55,112,45,74,45,70
ÿ566,Archen,FLYING,401,55,112,45,74,45,70
ÿ567,Archeops,ROCK,567,75,140,65,112,65,110
ÿ567,Archeops,FLYING,567,75,140,65,112,65,110
ÿ568,Trubbish,POISON,329,50,50,62,40,62,65
ÿ569,Garbodor,POISON,474,80,95,82,60,82,75
ÿ570,Zorua,DARK,330,40,65,40,80,40,65
ÿ571,Zoroark,DARK,510,60,105,60,120,60,105
ÿ572,Minccino,NORMAL,300,55,50,40,40,40,75
ÿ573,Cinccino,NORMAL,470,75,95,60,65,60,115
ÿ574,Gothita,PSYCHIC,290,45,30,50,55,65,45
ÿ575,Gothorita,PSYCHIC,390,60,45,70,75,85,55
ÿ576,Gothitelle,PSYCHIC,490,70,55,95,95,110,65
ÿ577,Solosis,PSYCHIC,290,45,30,40,105,50,20
ÿ578,Duosion,PSYCHIC,370,65,40,50,125,60,30
ÿ579,Reuniclus,PSYCHIC,490,110,65,75,125,85,30
ÿ580,Ducklett,WATER,305,62,44,50,44,50,55
ÿ580,Ducklett,FLYING,305,62,44,50,44,50,55
ÿ581,Swanna,WATER,473,75,87,63,87,63,98
ÿ581,Swanna,FLYING,473,75,87,63,87,63,98
ÿ582,Vanillite,ICE,305,36,50,50,65,60,44
ÿ583,Vanillish,ICE,395,51,65,65,80,75,59
ÿ584,Vanilluxe,ICE,535,71,95,85,110,95,79
ÿ585,Deerling,NORMAL,335,60,60,50,40,50,75
ÿ585,Deerling,GRASS,335,60,60,50,40,50,75
ÿ586,Sawsbuck,NORMAL,475,80,100,70,60,70,95
ÿ586,Sawsbuck,GRASS,475,80,100,70,60,70,95
ÿ587,Emolga,ELECTRIC,428,55,75,60,75,60,103
ÿ587,Emolga,FLYING,428,55,75,60,75,60,103
ÿ588,Karrablast,BUG,315,50,75,45,40,45,60
ÿ589,Escavalier,BUG,495,70,135,105,60,105,20
ÿ589,Escavalier,STEEL,495,70,135,105,60,105,20
ÿ590,Foongus,GRASS,294,69,55,45,55,55,15
ÿ590,Foongus,POISON,294,69,55,45,55,55,15
ÿ591,Amoonguss,GRASS,464,114,85,70,85,80,30
ÿ591,Amoonguss,POISON,464,114,85,70,85,80,30
ÿ592,Frillish,WATER,335,55,40,50,65,85,40
ÿ592,Frillish,GHOST,335,55,40,50,65,85,40
ÿ593,Jellicent,WATER,480,100,60,70,85,105,60
ÿ593,Jellicent,GHOST,480,100,60,70,85,105,60
ÿ594,Alomomola,WATER,470,165,75,80,40,45,65
ÿ595,Joltik,BUG,319,50,47,50,57,50,65
ÿ595,Joltik,ELECTRIC,319,50,47,50,57,50,65
ÿ596,Galvantula,BUG,472,70,77,60,97,60,108
ÿ596,Galvantula,ELECTRIC,472,70,77,60,97,60,108
ÿ597,Ferroseed,GRASS,305,44,50,91,24,86,10
ÿ597,Ferroseed,STEEL,305,44,50,91,24,86,10
ÿ598,Ferrothorn,GRASS,489,74,94,131,54,116,20
ÿ598,Ferrothorn,STEEL,489,74,94,131,54,116,20
ÿ599,Klink,STEEL,300,40,55,70,45,60,30
ÿ600,Klang,STEEL,440,60,80,95,70,85,50
ÿ601,Klinklang,STEEL,520,60,100,115,70,85,90
ÿ602,Tynamo,ELECTRIC,275,35,55,40,45,40,60
ÿ603,Eelektrik,ELECTRIC,405,65,85,70,75,70,40
ÿ604,Eelektross,ELECTRIC,515,85,115,80,105,80,50
ÿ605,Elgyem,PSYCHIC,335,55,55,55,85,55,30
ÿ606,Beheeyem,PSYCHIC,485,75,75,75,125,95,40
ÿ607,Litwick,GHOST,275,50,30,55,65,55,20
ÿ607,Litwick,FIRE,275,50,30,55,65,55,20
ÿ608,Lampent,GHOST,370,60,40,60,95,60,55
ÿ608,Lampent,FIRE,370,60,40,60,95,60,55
ÿ609,Chandelure,GHOST,520,60,55,90,145,90,80
ÿ609,Chandelure,FIRE,520,60,55,90,145,90,80
ÿ610,Axew,DRAGON,320,46,87,60,30,40,57
ÿ611,Fraxure,DRAGON,410,66,117,70,40,50,67
ÿ612,Haxorus,DRAGON,540,76,147,90,60,70,97
ÿ613,Cubchoo,ICE,305,55,70,40,60,40,40
ÿ614,Beartic,ICE,485,95,110,80,70,80,50
ÿ615,Cryogonal,ICE,485,70,50,30,95,135,105
ÿ616,Shelmet,BUG,305,50,40,85,40,65,25
ÿ617,Accelgor,BUG,495,80,70,40,100,60,145
ÿ618,Stunfisk,ELECTRIC,471,109,66,84,81,99,32
ÿ618,Stunfisk,GROUND,471,109,66,84,81,99,32
ÿ619,Mienfoo,FIGHTING,350,45,85,50,55,50,65
ÿ620,Mienshao,FIGHTING,510,65,125,60,95,60,105
ÿ621,Druddigon,DRAGON,485,77,120,90,60,90,48
ÿ622,Golett,GROUND,303,59,74,50,35,50,35
ÿ622,Golett,GHOST,303,59,74,50,35,50,35
ÿ623,Golurk,GROUND,483,89,124,80,55,80,55
ÿ623,Golurk,GHOST,483,89,124,80,55,80,55
ÿ624,Pawniard,DARK,340,45,85,70,40,40,60
ÿ624,Pawniard,STEEL,340,45,85,70,40,40,60
ÿ625,Bisharp,DARK,490,65,125,100,60,70,70
ÿ625,Bisharp,STEEL,490,65,125,100,60,70,70
ÿ626,Bouffalant,NORMAL,490,95,110,95,40,95,55
ÿ627,Rufflet,NORMAL,350,70,83,50,37,50,60
ÿ627,Rufflet,FLYING,350,70,83,50,37,50,60
ÿ628,Braviary,NORMAL,510,100,123,75,57,75,80
ÿ628,Braviary,FLYING,510,100,123,75,57,75,80
ÿ629,Vullaby,DARK,370,70,55,75,45,65,60
ÿ629,Vullaby,FLYING,370,70,55,75,45,65,60
ÿ630,Mandibuzz,DARK,510,110,65,105,55,95,80
ÿ630,Mandibuzz,FLYING,510,110,65,105,55,95,80
ÿ631,Heatmor,FIRE,484,85,97,66,105,66,65
ÿ632,Durant,BUG,484,58,109,112,48,48,109
ÿ632,Durant,STEEL,484,58,109,112,48,48,109
ÿ633,Deino,DARK,300,52,65,50,45,50,38
ÿ633,Deino,DRAGON,300,52,65,50,45,50,38
ÿ634,Zweilous,DARK,420,72,85,70,65,70,58
ÿ634,Zweilous,DRAGON,420,72,85,70,65,70,58
ÿ635,Hydreigon,DARK,600,92,105,90,125,90,98
ÿ635,Hydreigon,DRAGON,600,92,105,90,125,90,98
ÿ636,Larvesta,BUG,360,55,85,55,50,55,60
ÿ636,Larvesta,FIRE,360,55,85,55,50,55,60
ÿ637,Volcarona,BUG,550,85,60,65,135,105,100
ÿ637,Volcarona,FIRE,550,85,60,65,135,105,100
ÿ638,Cobalion,STEEL,580,91,90,129,90,72,108
ÿ638,Cobalion,FIGHTING,580,91,90,129,90,72,108
ÿ639,Terrakion,ROCK,580,91,129,90,72,90,108
ÿ639,Terrakion,FIGHTING,580,91,129,90,72,90,108
ÿ640,Virizion,GRASS,580,91,90,72,90,129,108
ÿ640,Virizion,FIGHTING,580,91,90,72,90,129,108
ÿ641,Tornadus- Incarnate Forme,FLYING,580,79,115,70,125,80,111
ÿ641,Tornadus- Incarnate Forme,FLYING,580,79,115,70,125,80,111
ÿ641.1,Tornadus- Therian Forme,FLYING,580,79,100,80,110,90,121
ÿ641.1,Tornadus- Therian Forme,FLYING,580,79,100,80,110,90,121
ÿ642,Thundurus- Incarnate Forme,ELECTRIC,580,79,115,70,125,80,111
ÿ642,Thundurus- Incarnate Forme,FLYING,580,79,115,70,125,80,111
ÿ642.1,Thundurus- Therian Forme,ELECTRIC,580,79,105,70,145,80,101
ÿ642.1,Thundurus- Therian Forme,FLYING,580,79,105,70,145,80,101
ÿ643,Reshiram,DRAGON,680,100,120,100,150,120,90
ÿ643,Reshiram,FIRE,680,100,120,100,150,120,90
ÿ644,Zekrom,DRAGON,680,100,150,120,120,100,90
ÿ644,Zekrom,ELECTRIC,680,100,150,120,120,100,90
ÿ645,Landorus- Incarnate Forme,GROUND,600,89,125,90,115,80,101
ÿ645,Landorus- Incarnate Forme,FLYING,600,89,125,90,115,80,101
ÿ645.1,Landorus- Therian Forme,GROUND,600,89,145,90,105,80,91
ÿ645.1,Landorus- Therian Forme,FLYING,600,89,145,90,105,80,91
ÿ646,Kyurem,DRAGON,660,125,130,90,130,90,95
ÿ646,Kyurem,ICE,660,125,130,90,130,90,95
ÿ646.1,White Kyurem,DRAGON,700,125,120,90,170,100,95
ÿ646.1,White Kyurem,ICE,700,125,120,90,170,100,95
ÿ646.2,Black Kyurem,DRAGON,700,125,170,100,120,90,95
ÿ646.2,Black Kyurem,ICE,700,125,170,100,120,90,95
ÿ647,Keldeo- Ordinary Forme,WATER,580,91,72,90,129,90,108
ÿ647,Keldeo- Ordinary Forme,FIGHTING,580,91,72,90,129,90,108
647.1,Keldeo- Resolute Forme,WATER,580,91,72,90,129,90,108
647.1,Keldeo- Resolute Forme,FIGHTING,580,91,72,90,129,90,108
ÿ648,Meloetta- Aria Forme,NORMAL,600,100,77,77,128,128,90
ÿ648,Meloetta- Aria Forme,PSYCHIC,600,100,77,77,128,128,90
648.1,Meloetta- Pirouette Forme,NORMAL,600,100,128,90,77,77,128
648.1,Meloetta- Pirouette Forme,FIGHTING,600,100,128,90,77,77,128
ÿ649,Genesect,BUG,600,71,120,95,120,95,99
ÿ649,Genesect,STEEL,600,71,120,95,120,95,99
ÿ650,Chespin,GRASS,313,56,61,65,48,45,38
ÿ651,Quilladin,GRASS,405,61,78,95,56,58,57
ÿ652,Chesnaught,GRASS,530,88,107,122,74,75,64
ÿ652,Chesnaught,FIGHTING,530,88,107,122,74,75,64
ÿ653,Fennekin,FIRE,307,40,45,40,62,60,60
ÿ654,Braixen,FIRE,409,59,59,58,90,70,73
ÿ655,Delphox,FIRE,534,75,69,72,114,100,104
ÿ655,Delphox,PSYCHIC,534,75,69,72,114,100,104
ÿ656,Froakie,WATER,314,41,56,40,62,44,71
ÿ657,Frogadier,WATER,405,54,63,52,83,56,97
ÿ658,Greninja,WATER,530,72,95,67,103,71,122
ÿ658,Greninja,DARK,530,72,95,67,103,71,122
ÿ659,Bunnelby,NORMAL,237,38,36,38,32,36,57
ÿ660,Diggersby,NORMAL,423,85,56,77,50,77,78
ÿ660,Diggersby,GROUND,423,85,56,77,50,77,78
ÿ661,Fletchling,NORMAL,278,45,50,43,40,38,62
ÿ661,Fletchling,FLYING,278,45,50,43,40,38,62
ÿ662,Fletchinder,FIRE,382,62,73,55,56,52,84
ÿ662,Fletchinder,FLYING,382,62,73,55,56,52,84
ÿ663,Talonflame,FIRE,499,78,81,71,74,69,126
ÿ663,Talonflame,FLYING,499,78,81,71,74,69,126
ÿ664,Scatterbug,BUG,200,38,35,40,27,25,35
ÿ665,Spewpa,BUG,213,45,22,60,27,30,29
ÿ666,Vivillon,BUG,411,80,52,50,90,50,89
ÿ666,Vivillon,FLYING,411,80,52,50,90,50,89
ÿ667,Litleo,FIRE,369,62,50,58,73,54,72
ÿ667,Litleo,NORMAL,369,62,50,58,73,54,72
ÿ668,Pyroar,FIRE,507,86,68,72,109,66,106
ÿ668,Pyroar,NORMAL,507,86,68,72,109,66,106
ÿ669,Flab‚b‚,FAIRY,303,44,38,39,61,79,42
ÿ670,Floette,FAIRY,371,54,45,47,75,98,52
ÿ671,Florges,FAIRY,552,78,65,68,112,154,75
ÿ672,Skiddo,GRASS,350,66,65,48,62,57,52
ÿ673,Gogoat,GRASS,531,123,100,62,97,81,68
ÿ674,Pancham,FIGHTING,348,67,82,62,46,48,43
ÿ675,Pangoro,FIGHTING,495,95,124,78,69,71,58
ÿ675,Pangoro,DARK,495,95,124,78,69,71,58
ÿ676,Furfrou,NORMAL,472,75,80,60,65,90,102
ÿ677,Espurr,PSYCHIC,355,62,48,54,63,60,68
ÿ678,Meowstic,PSYCHIC,466,74,48,76,83,81,104
ÿ679,Honedge,STEEL,325,45,80,100,35,37,28
ÿ679,Honedge,GHOST,325,45,80,100,35,37,28
ÿ680,Doublade,STEEL,448,59,110,150,45,49,35
ÿ680,Doublade,GHOST,448,59,110,150,45,49,35
ÿ681,Aegislash- Blade Forme,STEEL,520,60,150,50,150,50,60
ÿ681,Aegislash- Blade Forme,GHOST,520,60,150,50,150,50,60
681.1,Aegislash- Shield Forme,STEEL,520,60,50,150,50,150,60
681.1,Aegislash- Shield Forme,GHOST,520,60,50,150,50,150,60
ÿ682,Spritzee,FAIRY,341,78,52,60,63,65,23
ÿ683,Aromatisse,FAIRY,462,101,72,72,99,89,29
ÿ684,Swirlix,FAIRY,341,62,48,66,59,57,49
ÿ685,Slurpuff,FAIRY,480,82,80,86,85,75,72
ÿ686,Inkay,DARK,288,53,54,53,37,46,45
ÿ686,Inkay,PSYCHIC,288,53,54,53,37,46,45
ÿ687,Malamar,DARK,482,86,92,88,68,75,73
ÿ687,Malamar,PSYCHIC,482,86,92,88,68,75,73
ÿ688,Binacle,ROCK,306,42,52,67,39,56,50
ÿ688,Binacle,WATER,306,42,52,67,39,56,50
ÿ689,Barbaracle,ROCK,500,72,105,115,54,86,68
ÿ689,Barbaracle,WATER,500,72,105,115,54,86,68
ÿ690,Skrelp,POISON,320,50,60,60,60,60,30
ÿ690,Skrelp,WATER,320,50,60,60,60,60,30
ÿ691,Dragalge,POISON,494,65,75,90,97,123,44
ÿ691,Dragalge,DRAGON,494,65,75,90,97,123,44
ÿ692,Clauncher,WATER,330,50,53,62,58,63,44
ÿ693,Clawitzer,WATER,500,71,73,88,120,89,59
ÿ694,Helioptile,ELECTRIC,289,44,38,33,61,43,70
ÿ694,Helioptile,NORMAL,289,44,38,33,61,43,70
ÿ695,Heliolisk,ELECTRIC,481,62,55,52,109,94,109
ÿ695,Heliolisk,NORMAL,481,62,55,52,109,94,109
ÿ696,Tyrunt,ROCK,362,58,89,77,45,45,48
ÿ696,Tyrunt,DRAGON,362,58,89,77,45,45,48
ÿ697,Tyrantrum,ROCK,521,82,121,119,69,59,71
ÿ697,Tyrantrum,DRAGON,521,82,121,119,69,59,71
ÿ698,Amaura,ROCK,362,77,59,50,67,63,46
ÿ698,Amaura,ICE,362,77,59,50,67,63,46
ÿ699,Aurorus,ROCK,521,123,77,72,99,92,58
ÿ699,Aurorus,ICE,521,123,77,72,99,92,58
ÿ700,Sylveon,FAIRY,525,95,65,65,110,130,60
ÿ701,Hawlucha,FIGHTING,500,78,92,75,74,63,118
ÿ701,Hawlucha,FLYING,500,78,92,75,74,63,118
ÿ702,Dedenne,ELECTRIC,431,67,58,57,81,67,101
ÿ702,Dedenne,FAIRY,431,67,58,57,81,67,101
ÿ703,Carbink,ROCK,500,50,50,150,50,150,50
ÿ703,Carbink,FAIRY,500,50,50,150,50,150,50
ÿ704,Goomy,DRAGON,300,45,50,35,55,75,40
ÿ705,Sliggoo,DRAGON,452,68,75,53,83,113,60
ÿ706,Goodra,DRAGON,600,90,100,70,110,150,80
ÿ707,Klefki,STEEL,470,57,80,91,80,87,75
ÿ707,Klefki,FAIRY,470,57,80,91,80,87,75
ÿ708,Phantump,GHOST,309,43,70,48,50,60,38
ÿ708,Phantump,GRASS,309,43,70,48,50,60,38
ÿ709,Trevenant,GHOST,474,85,110,76,65,82,56
ÿ709,Trevenant,GRASS,474,85,110,76,65,82,56
ÿ710,Pumpkaboo- Average Size,GHOST,335,49,66,70,44,55,51
ÿ710,Pumpkaboo- Average Size,GRASS,335,49,66,70,44,55,51
710.1,Pumpkaboo- Small Size,GHOST,335,44,66,70,44,55,56
710.1,Pumpkaboo- Small Size,GRASS,335,44,66,70,44,55,56
710.2,Pumpkaboo- Large Size,GHOST,335,54,66,70,44,55,46
710.2,Pumpkaboo- Large Size,GRASS,335,54,66,70,44,55,46
710.3,Pumpkaboo- Super Size,GHOST,335,59,66,70,44,55,41
710.3,Pumpkaboo- Super Size,GRASS,335,59,66,70,44,55,41
ÿ711,Gourgeist- Average Size,GHOST,494,65,90,122,58,75,84
ÿ711,Gourgeist- Average Size,GRASS,494,65,90,122,58,75,84
711.1,Gourgeist- Small Size,GHOST,494,55,85,122,58,75,99
711.1,Gourgeist- Small Size,GRASS,494,55,85,122,58,75,99
711.2,Gourgeist- Large Size,GHOST,494,75,95,122,58,75,69
711.2,Gourgeist- Large Size,GRASS,494,75,95,122,58,75,69
711.3,Gourgeist-Super Size,GHOST,494,85,100,122,58,75,54
711.3,Gourgeist-Super Size,GRASS,494,85,100,122,58,75,54
ÿ712,Bergmite,ICE,304,55,69,85,32,35,28
ÿ713,Avalugg,ICE,514,95,117,184,44,46,28
ÿ714,Noibat,FLYING,245,40,30,35,45,40,55
ÿ714,Noibat,DRAGON,245,40,30,35,45,40,55
ÿ715,Noivern,FLYING,535,85,70,80,97,80,123
ÿ715,Noivern,DRAGON,535,85,70,80,97,80,123
ÿ716,Xerneas,FAIRY,680,126,131,95,131,98,99
ÿ717,Yveltal,DARK,680,126,131,95,131,98,99
ÿ717,Yveltal,FLYING,680,126,131,95,131,98,99
ÿ718,Zygarde,DRAGON,600,108,100,121,81,95,95
ÿ718,Zygarde,GROUND,600,108,100,121,81,95,95
